{"cameraMode":{"drawMode":0,"name":"Shaded","section":"Shading Mode"},"sceneLighting":true,"audioPlay":false,"sceneViewState":{"m_AlwaysRefresh":false,"showFog":true,"showSkybox":true,"showFlares":true,"showImageEffects":true,"showParticleSystems":true,"showVisualEffectGraphs":true,"m_FxEnabled":true},"in2DMode":false,"pivot":{"x":3.2170608043670656,"y":-26.097545623779298,"z":102.67314147949219},"rotation":{"x":0.1688442826271057,"y":0.013054723851382733,"z":-0.002237307373434305,"w":0.9855550527572632},"size":69.90745544433594,"orthographic":false}